<?xml version="1.0" encoding="UTF-8"?>
<!DOCTYPE mapper PUBLIC "-//mybatis.org//DTD Mapper 3.0//EN" "http://mybatis.org/dtd/mybatis-3-mapper.dtd">

<mapper namespace="com.g.example.database.dao.ExamVODao">

        <resultMap id="resultBean" type="com.g.example.database.model.ExamVO"></resultMap>
    <parameterMap id="parameterBean"  type="com.g.example.database.model.ExamVO"></parameterMap>
    <sql id="tableName">`${tableName}`</sql>
    <sql id="columns"><trim suffixOverrides=",">`id`,`username`,`password`,`marks`,`sex`,`role_id`,</trim></sql>

    <sql id="where">
        <where>
            <if test='id != null and id.toString() != "" '>and `id` = #{id}</if>
            <if test='username != null and username.toString() != "" '>and `username` = #{username}</if>
            <if test='password != null and password.toString() != "" '>and `password` = #{password}</if>
            <if test='marks != null and marks.toString() != "" '>and `marks` = #{marks}</if>
            <if test='sex != null and sex.toString() != "" '>and `sex` = #{sex}</if>
            <if test='roleId != null and roleId.toString() != "" '>and `role_id` = #{roleId}</if>
            <if test='usernameLike != null and usernameLike.trim() != ""'>and `username` like
                CONCAT('%', #{usernameLike}, '%')
            </if>
            <if test='passwordLike != null and passwordLike.trim() != ""'>and `password` like
                CONCAT('%', #{passwordLike}, '%')
            </if>
        </where>
    </sql>

    <sql id="columnsNotNull">
        <trim suffixOverrides=",">
            <if test="id != null">`id`,</if>
            <if test="username != null">`username`,</if>
            <if test="password != null">`password`,</if>
            <if test="marks != null">`marks`,</if>
            <if test="sex != null">`sex`,</if>
            <if test="roleId != null">`role_id`,</if>
        </trim>
    </sql>
    <sql id="value">
        <trim suffixOverrides=",">
            <if test="id != null">#{id},</if>
            <if test="username != null">#{username},</if>
            <if test="password != null">#{password},</if>
            <if test="marks != null">#{marks},</if>
            <if test="sex != null">#{sex},</if>
            <if test="roleId != null">#{roleId},</if>
        </trim>
    </sql>
    <sql id="set">
        <set>
            <if test="username != null">`username` = #{username},</if>
            <if test="password != null">`password` = #{password},</if>
            <if test="marks != null">`marks` = #{marks},</if>
            <if test="sex != null">`sex` = #{sex},</if>
            <if test="roleId != null">`role_id` = #{roleId},</if>
        </set>
    </sql>


    <select id="select" resultMap="resultBean">
        select <include refid="columns"></include> from <include refid="tableName"></include>
        <include refid="where"></include>
        <if  test="sort != null and sort.trim() != ''">
            order by ${sort} ${order}
        </if>
        <if test="offset != null and limit != null">
            limit #{offset}, #{limit}
        </if>
    </select>

    <select id="selectCount" resultType="int">
        select count(*) from <include refid="tableName"></include>
        <include refid="where"></include>
    </select>

    <select id="selectById" resultMap="resultBean">
        select <include refid="columns"></include> from <include refid="tableName"></include> where id = #{value}
    </select>

    <insert id="insert" parameterMap="parameterBean" useGeneratedKeys="true" keyProperty="id">
        insert into <include refid="tableName"></include>
        (<include refid="columnsNotNull"></include>)
        values (<include refid="value"></include>)
    </insert>

    <update id="update" parameterMap="parameterBean">
        update <include refid="tableName"></include>
        <include refid="set"></include>
        where `id` = #{id}
    </update>

    <delete id="delete">
        delete from <include refid="tableName"></include> where `id` = #{value}
    </delete>
</mapper>