<?xml version="1.0" encoding="UTF-8"?>
<!DOCTYPE mapper PUBLIC "-//mybatis.org//DTD Mapper 3.0//EN" "http://mybatis.org/dtd/mybatis-3-mapper.dtd">

<mapper namespace="com.g.example.database.dao.RolesVODao">

        <resultMap id="resultBean" type="com.g.example.database.model.RolesVO"></resultMap>
    <parameterMap id="parameterBean"  type="com.g.example.database.model.RolesVO"></parameterMap>
    <sql id="tableName">`${tableName}`</sql>
    <sql id="columns"><trim suffixOverrides=",">`role_id`,`role_name`,`role_auths`,`role_group_ids`,</trim></sql>

    <sql id="where">
        <where>
            <if test='roleId != null and roleId.toString() != "" '>and `role_id` = #{roleId}</if>
            <if test='roleName != null and roleName.toString() != "" '>and `role_name` = #{roleName}</if>
            <if test='roleAuths != null and roleAuths.toString() != "" '>and `role_auths` = #{roleAuths}</if>
            <if test='roleGroupIds != null and roleGroupIds.toString() != "" '>and `role_group_ids` = #{roleGroupIds}</if>
            <if test='roleNameLike != null and roleNameLike.trim() != ""'>and `role_name` like
                CONCAT('%', #{roleNameLike}, '%')
            </if>
            <if test='roleGroupIdsLike != null and roleGroupIdsLike.trim() != ""'>and `role_group_ids` like
                CONCAT('%', #{roleGroupIdsLike}, '%')
            </if>
        </where>
    </sql>

    <sql id="columnsNotNull">
        <trim suffixOverrides=",">
            <if test="roleId != null">`role_id`,</if>
            <if test="roleName != null">`role_name`,</if>
            <if test="roleAuths != null">`role_auths`,</if>
            <if test="roleGroupIds != null">`role_group_ids`,</if>
        </trim>
    </sql>
    <sql id="value">
        <trim suffixOverrides=",">
            <if test="roleId != null">#{roleId},</if>
            <if test="roleName != null">#{roleName},</if>
            <if test="roleAuths != null">#{roleAuths},</if>
            <if test="roleGroupIds != null">#{roleGroupIds},</if>
        </trim>
    </sql>
    <sql id="set">
        <set>
            <if test="roleId != null">`role_id` = #{roleId},</if>
            <if test="roleName != null">`role_name` = #{roleName},</if>
            <if test="roleAuths != null">`role_auths` = #{roleAuths},</if>
            <if test="roleGroupIds != null">`role_group_ids` = #{roleGroupIds},</if>
        </set>
    </sql>


    <select id="select" resultMap="resultBean">
        select <include refid="columns"></include> from <include refid="tableName"></include>
        <include refid="where"></include>
        <if  test="sort != null and sort.trim() != ''">
            order by ${sort} ${order}
        </if>
        <if test="offset != null and limit != null">
            limit #{offset}, #{limit}
        </if>
    </select>

    <select id="selectCount" resultType="int">
        select count(*) from <include refid="tableName"></include>
        <include refid="where"></include>
    </select>

    <select id="selectById" resultMap="resultBean">
        select <include refid="columns"></include> from <include refid="tableName"></include> where id = #{value}
    </select>

    <insert id="insert" parameterMap="parameterBean" useGeneratedKeys="true" keyProperty="id">
        insert into <include refid="tableName"></include>
        (<include refid="columnsNotNull"></include>)
        values (<include refid="value"></include>)
    </insert>

    <update id="update" parameterMap="parameterBean">
        update <include refid="tableName"></include>
        <include refid="set"></include>
        where `id` = #{id}
    </update>

    <delete id="delete">
        delete from <include refid="tableName"></include> where `id` = #{value}
    </delete>
</mapper>